<?xml version="1.0" encoding="UTF-8"?>
<project xmlns="http://www.netbeans.org/ns/project/1">
    <type>org.netbeans.modules.ant.freeform</type>
    <configuration>
        <general-data xmlns="http://www.netbeans.org/ns/freeform-project/1">
            <name>PDCC3.8</name>
        </general-data>
        <general-data xmlns="http://www.netbeans.org/ns/freeform-project/2">
            <!-- Do not use Project Properties customizer when editing this file manually. -->
            <name>PDCC3.8</name>
            <properties>
                <property name="project.dir">src</property>
            </properties>
            <folders>
                <source-folder>
                    <label>src</label>
                    <location>${project.dir}</location>
                </source-folder>
                <source-folder>
                    <label>PDCC3.6</label>
                    <location>.</location>
                    <encoding>UTF-8</encoding>
                </source-folder>
                <source-folder>
                    <label>..</label>
                    <type>java</type>
                    <location>${project.dir}/..</location>
                </source-folder>
            </folders>
            <ide-actions>
                <action name="build">
                    <script>nbproject/nbjdk.xml</script>
                    <target>build</target>
                </action>
                <action name="clean">
                    <script>nbproject/nbjdk.xml</script>
                    <target>clean</target>
                </action>
                <action name="run">
                    <script>nbproject/nbjdk.xml</script>
                    <target>run</target>
                </action>
                <action name="rebuild">
                    <script>nbproject/nbjdk.xml</script>
                    <target>clean</target>
                    <target>build</target>
                </action>
            </ide-actions>
            <view>
                <items>
                    <source-folder style="packages">
                        <label>..</label>
                        <location>${project.dir}/..</location>
                    </source-folder>
                    <source-file>
                        <location>build.xml</location>
                    </source-file>
                </items>
                <context-menu>
                    <ide-action name="build"/>
                    <ide-action name="rebuild"/>
                    <ide-action name="clean"/>
                    <ide-action name="run"/>
                </context-menu>
            </view>
            <subprojects/>
        </general-data>
        <java-data xmlns="http://www.netbeans.org/ns/freeform-project-java/1">
            <compilation-unit>
                <package-root>${project.dir}/..</package-root>
                <classpath mode="compile">${project.dir}/src/lib/commons-logging.jar:${project.dir}/src/lib/Filters.jar:${project.dir}/src/lib/javafxrt.jar:${project.dir}/src/lib/swing-layout.jar:${project.dir}/src/lib/JEvalResp.jar:${project.dir}/lib/NRL_Tool.jar:${project.dir}</classpath>
                <source-level>1.5</source-level>
            </compilation-unit>
        </java-data>
        <preferences xmlns="http://www.netbeans.org/ns/auxiliary-configuration-preferences/1">
            <module name="org-netbeans-modules-editor-indent">
                <node name="text">
                    <node name="x-java">
                        <node name="CodeStyle">
                            <node name="project"/>
                        </node>
                        <node name="project"/>
                    </node>
                    <node name="plain">
                        <node name="CodeStyle">
                            <node name="project"/>
                        </node>
                        <node name="project"/>
                    </node>
                    <node name="project"/>
                    <node name="CodeStyle"/>
                </node>
                <node name="CodeStyle">
                    <node name="project"/>
                </node>
                <node name="application"/>
                <node name="project"/>
                <node name="x-java"/>
                <node name="plain"/>
            </module>
        </preferences>
    </configuration>
</project>
